Name,Text,Status,Tag
Tweet 1,"Ohne System bleibt es Zufall. Planbar wird es durch harte Wortlimits: 400 Premium-Prompts. Batching: 30 Hooks, dann 30 Drafts. Verlange fuer Ergebnis, nicht fuer Zeit. Schreib AGENTS fuer das Prompt-Pack. Kopiere den Flow und teste eine Woche.",Draft,tweet
Tweet 2,Ohne System bleibt es Zufall. Planbar wird es durch Quality Gates nach jedem Schritt: 50 Threads pro Monat. Rhythmus: 1 Batch pro Woche. Mastermind-Denken multipliziert Ergebnisse. 30 Hooks in 60 Minuten sind realistisch.,Draft,tweet
Tweet 3,"Du brauchst keine 10x Kreativitaet, sondern eine Ideenmaschine vor der Schreibmaschine. Damit lieferst du eine konstante Pipeline ohne Burnout. Wecke den Wunsch im anderen. Der Unterschied ist Prozess, nicht Talent. Kopiere den Flow und teste eine Woche.",Draft,tweet
Tweet 4,"Wenn du 300 Tweets pro Woche willst, brauchst du eine Task-Matrix mit festen Slots. Setup: Flow: Thema -> Hook -> Draft -> CTA. Das liefert wiederholbare Ergebnisse statt Zufall. Sprich ueber die Interessen deines Gegenuebers.",Draft,tweet
Tweet 5,12 Agenten parallel liefern 30 getestete Hooks pro Woche. Der Hebel: harte Wortlimits. Flow: Hook -> Draft -> Refine -> Publish. Ergebnis: schnelleres Testing von Hooks. Hoere aufrichtig zu. Fang mit 10 Agenten an und skaliere dann.,Draft,tweet
Tweet 6,Ohne System bleibt es Zufall. Planbar wird es durch Output-Funnels statt Einmal-Posts: 30 getestete Hooks pro Woche. Flow: Hook -> Draft -> Refine -> Publish. Ein klares Ziel vor Augen schafft Zugkraft. Ohne Struktur bleibt Output Zufall.,Draft,tweet
Tweet 7,12 Agenten parallel liefern eine konstante Pipeline ohne Burnout. Der Hebel: Hook-First statt Content-First. Flow: Orchestrator -> Ideation -> Writer -> Refiner. Ergebnis: wiederholbare Ergebnisse statt Zufall. Handlung vor Ausrede.,Draft,tweet
Tweet 8,"20 Agenten parallel liefern eine konstante Pipeline ohne Burnout. Der Hebel: Hook-First statt Content-First. Rhythmus: 1 Batch pro Woche. Ergebnis: saubere Struktur ohne Ueberforderung. Keine Ausreden, nur Handlung. Fang mit 10 Agenten an und skaliere dann.",Draft,tweet
Tweet 9,"Content skaliert nicht mit mehr Zeit, sondern durch Proof-Checks nach jedem Schritt. Mit 12 Agenten baust du 400 Premium-Prompts. Flow: Orchestrator -> Ideation -> Writer -> Refiner. Preisleiter: Einstieg, Kernangebot, Premium-Upgrade.",Draft,tweet
Tweet 10,Ohne System bleibt es Zufall. Planbar wird es durch Quality Gates nach jedem Schritt: eine konstante Pipeline ohne Burnout. Flow: Orchestrator -> Ideation -> Writer -> Refiner. Der Wunsch nach Erfolg braucht ein definites Ziel.,Draft,tweet
Tweet 11,Ohne System bleibt es Zufall. Planbar wird es durch Hook-First statt Content-First: skalierbare Content-Produktion. Flow: Thema -> Hook -> Draft -> CTA. Funnel: Lead Magnet -> Tripwire -> Core Offer -> High Ticket -> Retainer.,Draft,tweet
Tweet 12,"Die Formel: Output-Funnels statt Einmal-Posts + Flow: Hook -> Draft -> Refine -> Publish = 400 Premium-Prompts. Ergebnis: wiederholbare Ergebnisse statt Zufall. Ein klares Ziel vor Augen schafft Zugkraft. Qualitaet kommt vom Review, nicht vom Zufall.",Draft,tweet
Tweet 13,"12 Agenten parallel liefern eine klare Content-Routine. Der Hebel: harte Wortlimits. Batching: 30 Hooks, dann 30 Drafts. Ergebnis: saubere Struktur ohne Ueberforderung. Funnel: Lead Magnet -> Tripwire -> Core Offer -> High Ticket -> Retainer.",Draft,tweet
Tweet 14,"Nicht mehr brainstormen, sondern produzieren: Flow: Orchestrator -> Ideation -> Writer -> Refiner. Output: 30 getestete Hooks pro Woche mit 16 Agenten. Mastermind-Denken multipliziert Ergebnisse. Du brauchst Klarheit, nicht mehr Disziplin.",Draft,tweet
Tweet 15,"Nicht mehr brainstormen, sondern produzieren: Batching: 30 Hooks, dann 30 Drafts. Output: eine konstante Pipeline ohne Burnout mit 16 Agenten. Der Wunsch nach Erfolg braucht ein definites Ziel. Wenn du das System willst: antworte mit AGENTS.",Draft,tweet
Tweet 16,"Kosten runter, Output hoch: Output-Funnels statt Einmal-Posts. Ergebnis: eine Content-Bibliothek fuer 90 Tage. Stabile Reichweite durch Konstanz. Keine Ausreden, nur Handlung. Einmal gebaut, laeuft der Prozess jeden Monat.",Draft,tweet
Tweet 17,Ohne System bleibt es Zufall. Planbar wird es durch Hook-First statt Content-First: eine klare Content-Routine. Rhythmus: 1 Batch pro Woche. Ein klares Ziel vor Augen schafft Zugkraft. Fang mit 10 Agenten an und skaliere dann.,Draft,tweet
Tweet 18,"Der groesste Fehler: einen Agenten alles machen zu lassen. Fix: Stichproben-Review einbauen. So entstehen 400 Premium-Prompts mit 16 Agenten. Verlange fuer Ergebnis, nicht fuer Zeit. Ein Batch pro Woche reicht fuer 7 Tage Output.",Draft,tweet
Tweet 19,"Nicht mehr brainstormen, sondern produzieren: Rhythmus: 1 Batch pro Woche. Output: 300 Tweets pro Woche mit 16 Agenten. Triff eine klare Entscheidung und bleib dran. 30 Hooks in 60 Minuten sind realistisch. Ohne Struktur bleibt Output Zufall.",Draft,tweet
Tweet 20,"Die Formel: eine Ideenmaschine vor der Schreibmaschine + Flow: Hook -> Draft -> Refine -> Publish = eine klare Content-Routine. Ergebnis: klare Prozesse statt Chaos. Monetarisierung heisst: klares Offer, klares Versprechen.",Draft,tweet
Tweet 21,"Parallelisierung ist der Cheatcode: 12 Agenten, eine klare Content-Routine, wiederholbare Ergebnisse statt Zufall. Weg: Flow: Hook -> Draft -> Refine -> Publish. Du bist verantwortlich. Qualitaet kommt vom Review, nicht vom Zufall.",Draft,tweet
Tweet 22,"Du brauchst keine 10x Kreativitaet, sondern eine Ideenmaschine vor der Schreibmaschine. Damit lieferst du 400 Premium-Prompts. Mastermind-Denken multipliziert Ergebnisse. Du brauchst Klarheit, nicht mehr Disziplin. Schreib AGENTS fuer das Prompt-Pack.",Draft,tweet
Tweet 23,Der groesste Fehler: einen Agenten alles machen zu lassen. Fix: Output-Formate fixieren. So entstehen 400 Premium-Prompts mit 12 Agenten. Triff eine klare Entscheidung und bleib dran. Kopiere den Flow und teste eine Woche.,Draft,tweet
Tweet 24,"Parallelisierung ist der Cheatcode: 20 Agenten, eine klare Content-Routine, mehr Output bei weniger Kopfschmerz. Weg: Flow: Orchestrator -> Ideation -> Writer -> Refiner. Handlung vor Ausrede. Kopiere den Flow und teste eine Woche.",Draft,tweet
Tweet 25,"Kosten runter, Output hoch: kleine Modelle fuer Masse und Mid-Modelle fuer Schliff. Ergebnis: 30 getestete Hooks pro Woche. Schnelleres Testing von Hooks. Funnel: Lead Magnet -> Tripwire -> Core Offer -> High Ticket -> Retainer.",Draft,tweet
Tweet 26,"Ohne System bleibt es Zufall. Planbar wird es durch Hook-First statt Content-First: 30 getestete Hooks pro Woche. Flow: Orchestrator -> Ideation -> Writer -> Refiner. Mastermind-Denken multipliziert Ergebnisse. Wenn du 10 Hooks testest, findest du 2 Gewinner.",Draft,tweet
Tweet 27,"Du brauchst keine 10x Kreativitaet, sondern Batching mit festen Slots. Damit lieferst du 400 Premium-Prompts. Funnel: Lead Magnet -> Tripwire -> Core Offer -> High Ticket -> Retainer. Ein Batch pro Woche reicht fuer 7 Tage Output.",Draft,tweet
Tweet 28,"Ohne System bleibt es Zufall. Planbar wird es durch Batching mit festen Slots: 30 getestete Hooks pro Woche. Batching: 30 Hooks, dann 30 Drafts. Du entscheidest. 30 Hooks in 60 Minuten sind realistisch. Fang mit 10 Agenten an und skaliere dann.",Draft,tweet
Tweet 29,"Der groesste Fehler: keine QA-Stufe einzuplanen. Fix: Wortlimits hart setzen. So entstehen eine klare Content-Routine mit 20 Agenten. Mastermind-Denken multipliziert Ergebnisse. Qualitaet kommt vom Review, nicht vom Zufall.",Draft,tweet
Tweet 30,"Nicht mehr brainstormen, sondern produzieren: Regel: jede Aufgabe in 120 Woerter kapseln. Output: eine konstante Pipeline ohne Burnout mit 16 Agenten. Monetarisierung heisst: klares Offer, klares Versprechen. Kopiere den Flow und teste eine Woche.",Draft,tweet
Tweet 31,"Der groesste Fehler: die Hook-Phase zu ueberspringen. Fix: Wortlimits hart setzen. So entstehen eine klare Content-Routine mit 25 Agenten. Du entscheidest. Qualitaet kommt vom Review, nicht vom Zufall. Der Unterschied ist Prozess, nicht Talent.",Draft,tweet
Tweet 32,"Kosten runter, Output hoch: Output-Funnels statt Einmal-Posts. Ergebnis: eine Content-Bibliothek fuer 90 Tage. Saubere Struktur ohne Ueberforderung. Preisleiter: Einstieg, Kernangebot, Premium-Upgrade. Du brauchst Klarheit, nicht mehr Disziplin.",Draft,tweet
Tweet 33,"16 Agenten parallel liefern 400 Premium-Prompts. Der Hebel: Hook-First statt Content-First. Flow: Thema -> Hook -> Draft -> CTA. Ergebnis: saubere Struktur ohne Ueberforderung. Klare Haltung, klare Richtung. Einmal gebaut, laeuft der Prozess jeden Monat.",Draft,tweet
Tweet 34,"Du brauchst keine 10x Kreativitaet, sondern Proof-Checks nach jedem Schritt. Damit lieferst du 30 getestete Hooks pro Woche. Zeige ehrliche Wertschaetzung. Der Unterschied ist Prozess, nicht Talent. Fang mit 10 Agenten an und skaliere dann.",Draft,tweet
Tweet 35,"Kosten runter, Output hoch: harte Wortlimits. Ergebnis: eine klare Content-Routine. Stabile Reichweite durch Konstanz. Der Wunsch nach Erfolg braucht ein definites Ziel. Du brauchst Klarheit, nicht mehr Disziplin. Fang mit 10 Agenten an und skaliere dann.",Draft,tweet
Tweet 36,"Parallelisierung ist der Cheatcode: 25 Agenten, eine klare Content-Routine, stabile Reichweite durch Konstanz. Weg: Flow: Orchestrator -> Ideation -> Writer -> Refiner. Funnel: Lead Magnet -> Tripwire -> Core Offer -> High Ticket -> Retainer.",Draft,tweet
Tweet 37,"Du brauchst keine 10x Kreativitaet, sondern kleine Modelle fuer Masse und Mid-Modelle fuer Schliff. Damit lieferst du eine Content-Bibliothek fuer 90 Tage. Ein klares Ziel vor Augen schafft Zugkraft. Wenn du 10 Hooks testest, findest du 2 Gewinner.",Draft,tweet
Tweet 38,"Content skaliert nicht mit mehr Zeit, sondern durch Proof-Checks nach jedem Schritt. Mit 25 Agenten baust du eine konstante Pipeline ohne Burnout. Flow: Hook -> Draft -> Refine -> Publish. Stelle Fragen statt zu predigen.",Draft,tweet
Tweet 39,"Parallelisierung ist der Cheatcode: 20 Agenten, eine klare Content-Routine, messbar bessere Conversion. Weg: Flow: Orchestrator -> Ideation -> Writer -> Refiner. Wecke den Wunsch im anderen. Kopiere den Flow und teste eine Woche.",Draft,tweet
Tweet 40,"Wenn du skalierbare Content-Produktion willst, brauchst du eine Ideenmaschine vor der Schreibmaschine. Setup: Flow: Thema -> Hook -> Draft -> CTA. Das liefert mehr Output bei weniger Kopfschmerz. Du bist verantwortlich. Kopiere den Flow und teste eine Woche.",Draft,tweet
Tweet 41,25 Agenten parallel liefern 30 getestete Hooks pro Woche. Der Hebel: Parallelisierung. Regel: jede Aufgabe in 120 Woerter kapseln. Ergebnis: wiederholbare Ergebnisse statt Zufall. Sprich ueber die Interessen deines Gegenuebers.,Draft,tweet
Tweet 42,"Wenn du 300 Tweets pro Woche willst, brauchst du Proof-Checks nach jedem Schritt. Setup: Regel: jede Aufgabe in 120 Woerter kapseln. Das liefert klare Prozesse statt Chaos. Klare Haltung, klare Richtung. Ein Batch pro Woche reicht fuer 7 Tage Output.",Draft,tweet
Tweet 43,Die Formel: kleine Modelle fuer Masse und Mid-Modelle fuer Schliff + Flow: Orchestrator -> Ideation -> Writer -> Refiner = eine Content-Bibliothek fuer 90 Tage. Ergebnis: messbar bessere Conversion. Zeige ehrliche Wertschaetzung.,Draft,tweet
Tweet 44,"Wenn du eine klare Content-Routine willst, brauchst du Proof-Checks nach jedem Schritt. Setup: Rhythmus: 1 Batch pro Woche. Das liefert mehr Output bei weniger Kopfschmerz. Keine Ausreden, nur Handlung. Qualitaet kommt vom Review, nicht vom Zufall.",Draft,tweet
Tweet 45,Die Formel: Batching mit festen Slots + Flow: Thema -> Hook -> Draft -> CTA = 400 Premium-Prompts. Ergebnis: stabile Reichweite durch Konstanz. Mastermind-Denken multipliziert Ergebnisse. Kopiere den Flow und teste eine Woche.,Draft,tweet
Tweet 46,"Content skaliert nicht mit mehr Zeit, sondern durch Systemdesign statt Talent. Mit 25 Agenten baust du 50 Threads pro Monat. Batching: 30 Hooks, dann 30 Drafts. Stelle Fragen statt zu predigen. Wenn du 10 Hooks testest, findest du 2 Gewinner.",Draft,tweet
Tweet 47,"Du brauchst keine 10x Kreativitaet, sondern eine Ideenmaschine vor der Schreibmaschine. Damit lieferst du eine konstante Pipeline ohne Burnout. Du entscheidest. Du brauchst Klarheit, nicht mehr Disziplin. Kopiere den Flow und teste eine Woche.",Draft,tweet
Tweet 48,"Content skaliert nicht mit mehr Zeit, sondern durch Quality Gates nach jedem Schritt. Mit 12 Agenten baust du 50 Threads pro Monat. Rhythmus: 1 Batch pro Woche. Monetarisierung heisst: klares Offer, klares Versprechen. Kopiere den Flow und teste eine Woche.",Draft,tweet
Tweet 49,16 Agenten parallel liefern 30 getestete Hooks pro Woche. Der Hebel: Hook-First statt Content-First. Rhythmus: 1 Batch pro Woche. Ergebnis: wiederholbare Ergebnisse statt Zufall. Mastermind-Denken multipliziert Ergebnisse.,Draft,tweet
Tweet 50,"Der groesste Fehler: nur auf Kreativitaet statt System zu setzen. Fix: Output-Formate fixieren. So entstehen eine konstante Pipeline ohne Burnout mit 20 Agenten. Monetarisierung heisst: klares Offer, klares Versprechen. Kopiere den Flow und teste eine Woche.",Draft,tweet
Tweet 51,"Kosten runter, Output hoch: harte Wortlimits. Ergebnis: 300 Tweets pro Woche. Klare Prozesse statt Chaos. Triff eine klare Entscheidung und bleib dran. 30 Hooks in 60 Minuten sind realistisch. Fang mit 10 Agenten an und skaliere dann.",Draft,tweet
Tweet 52,Der groesste Fehler: zu breite Prompts ohne Output-Format. Fix: Stichproben-Review einbauen. So entstehen eine klare Content-Routine mit 16 Agenten. Funnel: Lead Magnet -> Tripwire -> Core Offer -> High Ticket -> Retainer.,Draft,tweet
Tweet 53,"Wenn du 50 Threads pro Monat willst, brauchst du klare Rollen statt All-in-One. Setup: Flow: Thema -> Hook -> Draft -> CTA. Das liefert mehr Output bei weniger Kopfschmerz. Keine Ausreden, nur Handlung. Qualitaet kommt vom Review, nicht vom Zufall.",Draft,tweet
Tweet 54,Ohne System bleibt es Zufall. Planbar wird es durch Quality Gates nach jedem Schritt: eine konstante Pipeline ohne Burnout. Flow: Orchestrator -> Ideation -> Writer -> Refiner. Hoere aufrichtig zu. Ein Batch pro Woche reicht fuer 7 Tage Output.,Draft,tweet
Tweet 55,"Der groesste Fehler: zu breite Prompts ohne Output-Format. Fix: Hooks zuerst sammeln. So entstehen 50 Threads pro Monat mit 12 Agenten. Stelle Fragen statt zu predigen. Du brauchst Klarheit, nicht mehr Disziplin. Fang mit 10 Agenten an und skaliere dann.",Draft,tweet
Tweet 56,"Die Formel: kleine Modelle fuer Masse und Mid-Modelle fuer Schliff + Batching: 30 Hooks, dann 30 Drafts = eine klare Content-Routine. Ergebnis: messbar bessere Conversion. Der Wunsch nach Erfolg braucht ein definites Ziel.",Draft,tweet
Tweet 57,"Nicht mehr brainstormen, sondern produzieren: Flow: Thema -> Hook -> Draft -> CTA. Output: skalierbare Content-Produktion mit 16 Agenten. Beharrlichkeit schlaegt Talent. Wenn du 10 Hooks testest, findest du 2 Gewinner. Ohne Struktur bleibt Output Zufall.",Draft,tweet
Tweet 58,"16 Agenten parallel liefern 300 Tweets pro Woche. Der Hebel: Output-Funnels statt Einmal-Posts. Batching: 30 Hooks, dann 30 Drafts. Ergebnis: saubere Struktur ohne Ueberforderung. Keine Ausreden, nur Handlung. 30 Hooks in 60 Minuten sind realistisch.",Draft,tweet
Tweet 59,"Kosten runter, Output hoch: eine Ideenmaschine vor der Schreibmaschine. Ergebnis: 400 Premium-Prompts. Mehr Output bei weniger Kopfschmerz. Mastermind-Denken multipliziert Ergebnisse. 30 Hooks in 60 Minuten sind realistisch.",Draft,tweet
Tweet 60,"Der groesste Fehler: die Hook-Phase zu ueberspringen. Fix: eine Rolle pro Agent definieren. So entstehen 300 Tweets pro Woche mit 25 Agenten. Mastermind-Denken multipliziert Ergebnisse. Qualitaet kommt vom Review, nicht vom Zufall.",Draft,tweet
Tweet 61,"Du brauchst keine 10x Kreativitaet, sondern Output-Funnels statt Einmal-Posts. Damit lieferst du eine klare Content-Routine. Preisleiter: Einstieg, Kernangebot, Premium-Upgrade. Du brauchst Klarheit, nicht mehr Disziplin.",Draft,tweet
Tweet 62,"Parallelisierung ist der Cheatcode: 12 Agenten, eine klare Content-Routine, messbar bessere Conversion. Weg: Flow: Orchestrator -> Ideation -> Writer -> Refiner. Keine Ausreden, nur Handlung. Ohne Struktur bleibt Output Zufall.",Draft,tweet
Tweet 63,Die Formel: Output-Funnels statt Einmal-Posts + Regel: jede Aufgabe in 120 Woerter kapseln = skalierbare Content-Produktion. Ergebnis: schnelleres Testing von Hooks. Mastermind-Denken multipliziert Ergebnisse. Ein Batch pro Woche reicht fuer 7 Tage Output.,Draft,tweet
Tweet 64,"Der groesste Fehler: die Hook-Phase zu ueberspringen. Fix: Hooks zuerst sammeln. So entstehen 300 Tweets pro Woche mit 16 Agenten. Keine Ausreden, nur Handlung. Einmal gebaut, laeuft der Prozess jeden Monat. Kommentiere AGENTS fuer die Struktur.",Draft,tweet
Tweet 65,"20 Agenten parallel liefern 300 Tweets pro Woche. Der Hebel: klare Rollen statt All-in-One. Flow: Orchestrator -> Ideation -> Writer -> Refiner. Ergebnis: messbar bessere Conversion. Du entscheidest. Wenn du 10 Hooks testest, findest du 2 Gewinner.",Draft,tweet
Tweet 66,"Content skaliert nicht mit mehr Zeit, sondern durch Proof-Checks nach jedem Schritt. Mit 25 Agenten baust du eine Content-Bibliothek fuer 90 Tage. Flow: Hook -> Draft -> Refine -> Publish. Zeige ehrliche Wertschaetzung. Kopiere den Flow und teste eine Woche.",Draft,tweet
Tweet 67,"Der groesste Fehler: die Hook-Phase zu ueberspringen. Fix: Stichproben-Review einbauen. So entstehen eine konstante Pipeline ohne Burnout mit 25 Agenten. Klare Haltung, klare Richtung. Qualitaet kommt vom Review, nicht vom Zufall.",Draft,tweet
Tweet 68,"Die Formel: kleine Modelle fuer Masse und Mid-Modelle fuer Schliff + Regel: jede Aufgabe in 120 Woerter kapseln = 400 Premium-Prompts. Ergebnis: schnelleres Testing von Hooks. Verlange fuer Ergebnis, nicht fuer Zeit. Kopiere den Flow und teste eine Woche.",Draft,tweet
Tweet 69,"Die Formel: kleine Modelle fuer Masse und Mid-Modelle fuer Schliff + Flow: Hook -> Draft -> Refine -> Publish = eine klare Content-Routine. Ergebnis: stabile Reichweite durch Konstanz. Verlange fuer Ergebnis, nicht fuer Zeit.",Draft,tweet
Tweet 70,"Der groesste Fehler: keine QA-Stufe einzuplanen. Fix: Output-Formate fixieren. So entstehen 30 getestete Hooks pro Woche mit 20 Agenten. Du entscheidest. Wenn du 10 Hooks testest, findest du 2 Gewinner. Kopiere den Flow und teste eine Woche.",Draft,tweet
Tweet 71,"Parallelisierung ist der Cheatcode: 12 Agenten, eine klare Content-Routine, saubere Struktur ohne Ueberforderung. Weg: Flow: Orchestrator -> Ideation -> Writer -> Refiner. Hoere aufrichtig zu. Qualitaet kommt vom Review, nicht vom Zufall.",Draft,tweet
Tweet 72,"Kosten runter, Output hoch: eine Task-Matrix mit festen Slots. Ergebnis: 30 getestete Hooks pro Woche. Messbar bessere Conversion. Stelle Fragen statt zu predigen. 30 Hooks in 60 Minuten sind realistisch. Fang mit 10 Agenten an und skaliere dann.",Draft,tweet
Tweet 73,"Nicht mehr brainstormen, sondern produzieren: Flow: Orchestrator -> Ideation -> Writer -> Refiner. Output: skalierbare Content-Produktion mit 20 Agenten. Beharrlichkeit schlaegt Talent. Fang mit 10 Agenten an und skaliere dann.",Draft,tweet
Tweet 74,"Nicht mehr brainstormen, sondern produzieren: Regel: jede Aufgabe in 120 Woerter kapseln. Output: 50 Threads pro Monat mit 12 Agenten. Monetarisierung heisst: klares Offer, klares Versprechen. Ein System macht Content planbar.",Draft,tweet
Tweet 75,"Ohne System bleibt es Zufall. Planbar wird es durch Systemdesign statt Talent: 30 getestete Hooks pro Woche. Regel: jede Aufgabe in 120 Woerter kapseln. Verlange fuer Ergebnis, nicht fuer Zeit. Kopiere den Flow und teste eine Woche.",Draft,tweet
Tweet 76,"Content skaliert nicht mit mehr Zeit, sondern durch Quality Gates nach jedem Schritt. Mit 25 Agenten baust du 300 Tweets pro Woche. Regel: jede Aufgabe in 120 Woerter kapseln. Der Wunsch nach Erfolg braucht ein definites Ziel.",Draft,tweet
Tweet 77,"Du brauchst keine 10x Kreativitaet, sondern kleine Modelle fuer Masse und Mid-Modelle fuer Schliff. Damit lieferst du eine konstante Pipeline ohne Burnout. Zeige ehrliche Wertschaetzung. Einmal gebaut, laeuft der Prozess jeden Monat.",Draft,tweet
Tweet 78,"Du brauchst keine 10x Kreativitaet, sondern klare Rollen statt All-in-One. Damit lieferst du skalierbare Content-Produktion. Mastermind-Denken multipliziert Ergebnisse. Ein System macht Content planbar. Willst du den Workflow? Schreib AGENTS.",Draft,tweet
Tweet 79,"Content skaliert nicht mit mehr Zeit, sondern durch klare Rollen statt All-in-One. Mit 12 Agenten baust du eine Content-Bibliothek fuer 90 Tage. Flow: Thema -> Hook -> Draft -> CTA. Zeige ehrliche Wertschaetzung. Kopiere den Flow und teste eine Woche.",Draft,tweet
Tweet 80,"Nicht mehr brainstormen, sondern produzieren: Regel: jede Aufgabe in 120 Woerter kapseln. Output: 30 getestete Hooks pro Woche mit 20 Agenten. Du bist verantwortlich. Der Unterschied ist Prozess, nicht Talent. Fang mit 10 Agenten an und skaliere dann.",Draft,tweet
Tweet 81,"Nicht mehr brainstormen, sondern produzieren: Flow: Orchestrator -> Ideation -> Writer -> Refiner. Output: eine Content-Bibliothek fuer 90 Tage mit 16 Agenten. Funnel: Lead Magnet -> Tripwire -> Core Offer -> High Ticket -> Retainer.",Draft,tweet
Tweet 82,"25 Agenten parallel liefern 30 getestete Hooks pro Woche. Der Hebel: Hook-First statt Content-First. Batching: 30 Hooks, dann 30 Drafts. Ergebnis: stabile Reichweite durch Konstanz. Hoere aufrichtig zu. Der Unterschied ist Prozess, nicht Talent.",Draft,tweet
Tweet 83,"Ohne System bleibt es Zufall. Planbar wird es durch eine Task-Matrix mit festen Slots: 30 getestete Hooks pro Woche. Rhythmus: 1 Batch pro Woche. Sprich ueber die Interessen deines Gegenuebers. Qualitaet kommt vom Review, nicht vom Zufall.",Draft,tweet
Tweet 84,"Nicht mehr brainstormen, sondern produzieren: Flow: Hook -> Draft -> Refine -> Publish. Output: 400 Premium-Prompts mit 20 Agenten. Hoere aufrichtig zu. Der Unterschied ist Prozess, nicht Talent. Kopiere den Flow und teste eine Woche.",Draft,tweet
Tweet 85,"Die Formel: kleine Modelle fuer Masse und Mid-Modelle fuer Schliff + Batching: 30 Hooks, dann 30 Drafts = skalierbare Content-Produktion. Ergebnis: saubere Struktur ohne Ueberforderung. Hoere aufrichtig zu. Willst du den Workflow? Schreib AGENTS.",Draft,tweet
Tweet 86,"Der groesste Fehler: einen Agenten alles machen zu lassen. Fix: Wortlimits hart setzen. So entstehen 50 Threads pro Monat mit 12 Agenten. Funnel: Lead Magnet -> Tripwire -> Core Offer -> High Ticket -> Retainer. Du brauchst Klarheit, nicht mehr Disziplin.",Draft,tweet
Tweet 87,16 Agenten parallel liefern 400 Premium-Prompts. Der Hebel: Proof-Checks nach jedem Schritt. Rhythmus: 1 Batch pro Woche. Ergebnis: mehr Output bei weniger Kopfschmerz. Zeige ehrliche Wertschaetzung. Kopiere den Flow und teste eine Woche.,Draft,tweet
Tweet 88,"Nicht mehr brainstormen, sondern produzieren: Rhythmus: 1 Batch pro Woche. Output: 300 Tweets pro Woche mit 25 Agenten. Du entscheidest. 30 Hooks in 60 Minuten sind realistisch. Du brauchst Klarheit, nicht mehr Disziplin.",Draft,tweet
Tweet 89,"Die Formel: kleine Modelle fuer Masse und Mid-Modelle fuer Schliff + Rhythmus: 1 Batch pro Woche = 30 getestete Hooks pro Woche. Ergebnis: schnelleres Testing von Hooks. Triff eine klare Entscheidung und bleib dran. Der Unterschied ist Prozess, nicht Talent.",Draft,tweet
Tweet 90,"Content skaliert nicht mit mehr Zeit, sondern durch klare Rollen statt All-in-One. Mit 12 Agenten baust du 300 Tweets pro Woche. Flow: Thema -> Hook -> Draft -> CTA. Monetarisierung heisst: klares Offer, klares Versprechen.",Draft,tweet
Tweet 91,"Nicht mehr brainstormen, sondern produzieren: Flow: Orchestrator -> Ideation -> Writer -> Refiner. Output: eine Content-Bibliothek fuer 90 Tage mit 25 Agenten. Zeige ehrliche Wertschaetzung. Einmal gebaut, laeuft der Prozess jeden Monat.",Draft,tweet
Tweet 92,"Content skaliert nicht mit mehr Zeit, sondern durch Systemdesign statt Talent. Mit 16 Agenten baust du eine konstante Pipeline ohne Burnout. Regel: jede Aufgabe in 120 Woerter kapseln. Funnel: Lead Magnet -> Tripwire -> Core Offer -> High Ticket -> Retainer.",Draft,tweet
Tweet 93,Der groesste Fehler: zu breite Prompts ohne Output-Format. Fix: Stichproben-Review einbauen. So entstehen 400 Premium-Prompts mit 20 Agenten. Triff eine klare Entscheidung und bleib dran. Fang mit 10 Agenten an und skaliere dann.,Draft,tweet
Tweet 94,"Content skaliert nicht mit mehr Zeit, sondern durch kleine Modelle fuer Masse und Mid-Modelle fuer Schliff. Mit 20 Agenten baust du eine klare Content-Routine. Flow: Orchestrator -> Ideation -> Writer -> Refiner. Du entscheidest.",Draft,tweet
Tweet 95,"Content skaliert nicht mit mehr Zeit, sondern durch klare Rollen statt All-in-One. Mit 16 Agenten baust du 30 getestete Hooks pro Woche. Flow: Hook -> Draft -> Refine -> Publish. Mastermind-Denken multipliziert Ergebnisse.",Draft,tweet
Tweet 96,"Der groesste Fehler: zu breite Prompts ohne Output-Format. Fix: Output-Formate fixieren. So entstehen 400 Premium-Prompts mit 12 Agenten. Monetarisierung heisst: klares Offer, klares Versprechen. Ein System macht Content planbar.",Draft,tweet
Tweet 97,"Nicht mehr brainstormen, sondern produzieren: Rhythmus: 1 Batch pro Woche. Output: eine Content-Bibliothek fuer 90 Tage mit 16 Agenten. Der Wunsch nach Erfolg braucht ein definites Ziel. Fang mit 10 Agenten an und skaliere dann.",Draft,tweet
Tweet 98,"Wenn du 50 Threads pro Monat willst, brauchst du kleine Modelle fuer Masse und Mid-Modelle fuer Schliff. Setup: Rhythmus: 1 Batch pro Woche. Das liefert stabile Reichweite durch Konstanz. Monetarisierung heisst: klares Offer, klares Versprechen.",Draft,tweet
Tweet 99,"Ohne System bleibt es Zufall. Planbar wird es durch harte Wortlimits: 300 Tweets pro Woche. Batching: 30 Hooks, dann 30 Drafts. Preisleiter: Einstieg, Kernangebot, Premium-Upgrade. Der Unterschied ist Prozess, nicht Talent.",Draft,tweet
Tweet 100,"Wenn du 400 Premium-Prompts willst, brauchst du klare Rollen statt All-in-One. Setup: Batching: 30 Hooks, dann 30 Drafts. Das liefert messbar bessere Conversion. Hoere aufrichtig zu. Kopiere den Flow und teste eine Woche.",Draft,tweet
Tweet 101,Die Formel: Batching mit festen Slots + Rhythmus: 1 Batch pro Woche = eine klare Content-Routine. Ergebnis: klare Prozesse statt Chaos. Der Wunsch nach Erfolg braucht ein definites Ziel. Kopiere den Flow und teste eine Woche.,Draft,tweet
Tweet 102,20 Agenten parallel liefern eine klare Content-Routine. Der Hebel: eine Ideenmaschine vor der Schreibmaschine. Regel: jede Aufgabe in 120 Woerter kapseln. Ergebnis: saubere Struktur ohne Ueberforderung. Sprich ueber die Interessen deines Gegenuebers.,Draft,tweet
Tweet 103,12 Agenten parallel liefern 30 getestete Hooks pro Woche. Der Hebel: eine Task-Matrix mit festen Slots. Flow: Hook -> Draft -> Refine -> Publish. Ergebnis: schnelleres Testing von Hooks. Sprich ueber die Interessen deines Gegenuebers.,Draft,tweet
Tweet 104,"Der groesste Fehler: keine QA-Stufe einzuplanen. Fix: eine Rolle pro Agent definieren. So entstehen eine klare Content-Routine mit 25 Agenten. Monetarisierung heisst: klares Offer, klares Versprechen. Einmal gebaut, laeuft der Prozess jeden Monat.",Draft,tweet
Tweet 105,Ohne System bleibt es Zufall. Planbar wird es durch Hook-First statt Content-First: 50 Threads pro Monat. Regel: jede Aufgabe in 120 Woerter kapseln. Wecke den Wunsch im anderen. 30 Hooks in 60 Minuten sind realistisch. Kopiere den Flow und teste eine Woche.,Draft,tweet
Tweet 106,"25 Agenten parallel liefern 300 Tweets pro Woche. Der Hebel: kleine Modelle fuer Masse und Mid-Modelle fuer Schliff. Batching: 30 Hooks, dann 30 Drafts. Ergebnis: saubere Struktur ohne Ueberforderung. Klare Haltung, klare Richtung.",Draft,tweet
Tweet 107,"Parallelisierung ist der Cheatcode: 20 Agenten, eine klare Content-Routine, klare Prozesse statt Chaos. Weg: Rhythmus: 1 Batch pro Woche. Sprich ueber die Interessen deines Gegenuebers. Qualitaet kommt vom Review, nicht vom Zufall.",Draft,tweet
Tweet 108,"Parallelisierung ist der Cheatcode: 16 Agenten, 50 Threads pro Monat, messbar bessere Conversion. Weg: Flow: Hook -> Draft -> Refine -> Publish. Wecke den Wunsch im anderen. Wenn du 10 Hooks testest, findest du 2 Gewinner.",Draft,tweet
Tweet 109,"Die Formel: Proof-Checks nach jedem Schritt + Batching: 30 Hooks, dann 30 Drafts = eine klare Content-Routine. Ergebnis: messbar bessere Conversion. Du bist verantwortlich. Wenn du 10 Hooks testest, findest du 2 Gewinner.",Draft,tweet
Tweet 110,"Du brauchst keine 10x Kreativitaet, sondern Proof-Checks nach jedem Schritt. Damit lieferst du eine konstante Pipeline ohne Burnout. Preisleiter: Einstieg, Kernangebot, Premium-Upgrade. Wenn du 10 Hooks testest, findest du 2 Gewinner.",Draft,tweet
Tweet 111,"Parallelisierung ist der Cheatcode: 12 Agenten, 400 Premium-Prompts, mehr Output bei weniger Kopfschmerz. Weg: Regel: jede Aufgabe in 120 Woerter kapseln. Handlung vor Ausrede. Ein Batch pro Woche reicht fuer 7 Tage Output.",Draft,tweet
Tweet 112,"Wenn du 30 getestete Hooks pro Woche willst, brauchst du Hook-First statt Content-First. Setup: Flow: Orchestrator -> Ideation -> Writer -> Refiner. Das liefert stabile Reichweite durch Konstanz. Hoere aufrichtig zu. Ein System macht Content planbar.",Draft,tweet
Tweet 113,"Ohne System bleibt es Zufall. Planbar wird es durch Hook-First statt Content-First: 30 getestete Hooks pro Woche. Rhythmus: 1 Batch pro Woche. Keine Ausreden, nur Handlung. Wenn du 10 Hooks testest, findest du 2 Gewinner.",Draft,tweet
Tweet 114,"Nicht mehr brainstormen, sondern produzieren: Flow: Thema -> Hook -> Draft -> CTA. Output: eine klare Content-Routine mit 12 Agenten. Keine Ausreden, nur Handlung. Ein System macht Content planbar. Kopiere den Flow und teste eine Woche.",Draft,tweet
Tweet 115,"16 Agenten parallel liefern eine klare Content-Routine. Der Hebel: Proof-Checks nach jedem Schritt. Batching: 30 Hooks, dann 30 Drafts. Ergebnis: klare Prozesse statt Chaos. Du bist verantwortlich. Kopiere den Flow und teste eine Woche.",Draft,tweet
Tweet 116,"Nicht mehr brainstormen, sondern produzieren: Flow: Thema -> Hook -> Draft -> CTA. Output: eine Content-Bibliothek fuer 90 Tage mit 12 Agenten. Klare Haltung, klare Richtung. Qualitaet kommt vom Review, nicht vom Zufall.",Draft,tweet
Tweet 117,"Der groesste Fehler: zu breite Prompts ohne Output-Format. Fix: Hooks zuerst sammeln. So entstehen skalierbare Content-Produktion mit 20 Agenten. Stelle Fragen statt zu predigen. Qualitaet kommt vom Review, nicht vom Zufall.",Draft,tweet
Tweet 118,"Nicht mehr brainstormen, sondern produzieren: Regel: jede Aufgabe in 120 Woerter kapseln. Output: skalierbare Content-Produktion mit 16 Agenten. Hoere aufrichtig zu. Ohne Struktur bleibt Output Zufall. Fang mit 10 Agenten an und skaliere dann.",Draft,tweet
Tweet 119,25 Agenten parallel liefern eine konstante Pipeline ohne Burnout. Der Hebel: Output-Funnels statt Einmal-Posts. Flow: Hook -> Draft -> Refine -> Publish. Ergebnis: mehr Output bei weniger Kopfschmerz. Wecke den Wunsch im anderen.,Draft,tweet
Tweet 120,"Parallelisierung ist der Cheatcode: 25 Agenten, 30 getestete Hooks pro Woche, wiederholbare Ergebnisse statt Zufall. Weg: Rhythmus: 1 Batch pro Woche. Ein klares Ziel vor Augen schafft Zugkraft. Wenn du 10 Hooks testest, findest du 2 Gewinner.",Draft,tweet
Tweet 121,Der groesste Fehler: die Hook-Phase zu ueberspringen. Fix: Output-Formate fixieren. So entstehen eine konstante Pipeline ohne Burnout mit 25 Agenten. Sprich ueber die Interessen deines Gegenuebers. Kopiere den Flow und teste eine Woche.,Draft,tweet
Tweet 122,Der groesste Fehler: keine QA-Stufe einzuplanen. Fix: Wortlimits hart setzen. So entstehen 300 Tweets pro Woche mit 16 Agenten. Wecke den Wunsch im anderen. Ein Batch pro Woche reicht fuer 7 Tage Output. Ein System macht Content planbar.,Draft,tweet
Tweet 123,"Du brauchst keine 10x Kreativitaet, sondern eine Ideenmaschine vor der Schreibmaschine. Damit lieferst du 400 Premium-Prompts. Funnel: Lead Magnet -> Tripwire -> Core Offer -> High Ticket -> Retainer. Qualitaet kommt vom Review, nicht vom Zufall.",Draft,tweet
Tweet 124,"Parallelisierung ist der Cheatcode: 16 Agenten, 50 Threads pro Monat, stabile Reichweite durch Konstanz. Weg: Regel: jede Aufgabe in 120 Woerter kapseln. Zeige ehrliche Wertschaetzung. Ein System macht Content planbar. Kopiere den Flow und teste eine Woche.",Draft,tweet
Tweet 125,"16 Agenten parallel liefern eine konstante Pipeline ohne Burnout. Der Hebel: Proof-Checks nach jedem Schritt. Batching: 30 Hooks, dann 30 Drafts. Ergebnis: messbar bessere Conversion. Sprich ueber die Interessen deines Gegenuebers.",Draft,tweet
Tweet 126,"Die Formel: harte Wortlimits + Flow: Thema -> Hook -> Draft -> CTA = 400 Premium-Prompts. Ergebnis: klare Prozesse statt Chaos. Handlung vor Ausrede. Wenn du 10 Hooks testest, findest du 2 Gewinner. Der Unterschied ist Prozess, nicht Talent.",Draft,tweet
Tweet 127,"Kosten runter, Output hoch: Quality Gates nach jedem Schritt. Ergebnis: eine klare Content-Routine. Stabile Reichweite durch Konstanz. Du entscheidest. Schreib AGENTS fuer das Prompt-Pack. Kopiere den Flow und teste eine Woche.",Draft,tweet
Tweet 128,Der groesste Fehler: einen Agenten alles machen zu lassen. Fix: eine Rolle pro Agent definieren. So entstehen eine Content-Bibliothek fuer 90 Tage mit 12 Agenten. Handlung vor Ausrede. Ohne Struktur bleibt Output Zufall.,Draft,tweet
Tweet 129,"Ohne System bleibt es Zufall. Planbar wird es durch Batching mit festen Slots: eine konstante Pipeline ohne Burnout. Flow: Thema -> Hook -> Draft -> CTA. Du bist verantwortlich. Der Unterschied ist Prozess, nicht Talent.",Draft,tweet
Tweet 130,"Ohne System bleibt es Zufall. Planbar wird es durch harte Wortlimits: 400 Premium-Prompts. Flow: Orchestrator -> Ideation -> Writer -> Refiner. Preisleiter: Einstieg, Kernangebot, Premium-Upgrade. Einmal gebaut, laeuft der Prozess jeden Monat.",Draft,tweet
Tweet 131,Der groesste Fehler: einen Agenten alles machen zu lassen. Fix: Output-Formate fixieren. So entstehen skalierbare Content-Produktion mit 25 Agenten. Du bist verantwortlich. Ein Batch pro Woche reicht fuer 7 Tage Output. Fang mit 10 Agenten an und skaliere.,Draft,tweet
Tweet 132,Ohne System bleibt es Zufall. Planbar wird es durch klare Rollen statt All-in-One: 400 Premium-Prompts. Flow: Orchestrator -> Ideation -> Writer -> Refiner. Ein klares Ziel vor Augen schafft Zugkraft. Fang mit 10 Agenten an und skaliere dann.,Draft,tweet
Tweet 133,"Wenn du eine Content-Bibliothek fuer 90 Tage willst, brauchst du eine Task-Matrix mit festen Slots. Setup: Rhythmus: 1 Batch pro Woche. Das liefert klare Prozesse statt Chaos. Keine Ausreden, nur Handlung. Der Unterschied ist Prozess, nicht Talent.",Draft,tweet
Tweet 134,"Parallelisierung ist der Cheatcode: 25 Agenten, eine konstante Pipeline ohne Burnout, messbar bessere Conversion. Weg: Regel: jede Aufgabe in 120 Woerter kapseln. Zeige ehrliche Wertschaetzung. Ohne Struktur bleibt Output Zufall.",Draft,tweet
Tweet 135,"Die Formel: klare Rollen statt All-in-One + Batching: 30 Hooks, dann 30 Drafts = eine Content-Bibliothek fuer 90 Tage. Ergebnis: schnelleres Testing von Hooks. Du entscheidest. 30 Hooks in 60 Minuten sind realistisch. Ohne Struktur bleibt Output Zufall.",Draft,tweet
Tweet 136,"Nicht mehr brainstormen, sondern produzieren: Regel: jede Aufgabe in 120 Woerter kapseln. Output: skalierbare Content-Produktion mit 16 Agenten. Funnel: Lead Magnet -> Tripwire -> Core Offer -> High Ticket -> Retainer. Ohne Struktur bleibt Output Zufall.",Draft,tweet
Tweet 137,"Nicht mehr brainstormen, sondern produzieren: Flow: Hook -> Draft -> Refine -> Publish. Output: 50 Threads pro Monat mit 12 Agenten. Funnel: Lead Magnet -> Tripwire -> Core Offer -> High Ticket -> Retainer. Kopiere den Flow und teste eine Woche.",Draft,tweet
Tweet 138,"Content skaliert nicht mit mehr Zeit, sondern durch Output-Funnels statt Einmal-Posts. Mit 16 Agenten baust du eine konstante Pipeline ohne Burnout. Rhythmus: 1 Batch pro Woche. Handlung vor Ausrede. 30 Hooks in 60 Minuten sind realistisch.",Draft,tweet
Tweet 139,Die Formel: Output-Funnels statt Einmal-Posts + Rhythmus: 1 Batch pro Woche = 30 getestete Hooks pro Woche. Ergebnis: wiederholbare Ergebnisse statt Zufall. Der Wunsch nach Erfolg braucht ein definites Ziel. Ein System macht Content planbar.,Draft,tweet
Tweet 140,"Kosten runter, Output hoch: eine Task-Matrix mit festen Slots. Ergebnis: 30 getestete Hooks pro Woche. Klare Prozesse statt Chaos. Du entscheidest. Einmal gebaut, laeuft der Prozess jeden Monat. Kopiere den Flow und teste eine Woche.",Draft,tweet
Tweet 141,"Ohne System bleibt es Zufall. Planbar wird es durch kleine Modelle fuer Masse und Mid-Modelle fuer Schliff: 30 getestete Hooks pro Woche. Flow: Thema -> Hook -> Draft -> CTA. Verlange fuer Ergebnis, nicht fuer Zeit. Kopiere den Flow und teste eine Woche.",Draft,tweet
Tweet 142,"Du brauchst keine 10x Kreativitaet, sondern eine Ideenmaschine vor der Schreibmaschine. Damit lieferst du 50 Threads pro Monat. Preisleiter: Einstieg, Kernangebot, Premium-Upgrade. Fang mit 10 Agenten an und skaliere dann.",Draft,tweet
Tweet 143,"Du brauchst keine 10x Kreativitaet, sondern Quality Gates nach jedem Schritt. Damit lieferst du 300 Tweets pro Woche. Du bist verantwortlich. Qualitaet kommt vom Review, nicht vom Zufall. Fang mit 10 Agenten an und skaliere dann.",Draft,tweet
Tweet 144,"Die Formel: harte Wortlimits + Flow: Hook -> Draft -> Refine -> Publish = 50 Threads pro Monat. Ergebnis: saubere Struktur ohne Ueberforderung. Du bist verantwortlich. Ein Batch pro Woche reicht fuer 7 Tage Output. Du brauchst Klarheit, nicht mehr Disziplin.",Draft,tweet
Tweet 145,"Parallelisierung ist der Cheatcode: 16 Agenten, eine Content-Bibliothek fuer 90 Tage, mehr Output bei weniger Kopfschmerz. Weg: Rhythmus: 1 Batch pro Woche. Beharrlichkeit schlaegt Talent. Fang mit 10 Agenten an und skaliere dann.",Draft,tweet
Tweet 146,25 Agenten parallel liefern eine konstante Pipeline ohne Burnout. Der Hebel: Systemdesign statt Talent. Flow: Hook -> Draft -> Refine -> Publish. Ergebnis: messbar bessere Conversion. Der Wunsch nach Erfolg braucht ein definites Ziel.,Draft,tweet
Tweet 147,"Content skaliert nicht mit mehr Zeit, sondern durch Proof-Checks nach jedem Schritt. Mit 16 Agenten baust du eine konstante Pipeline ohne Burnout. Regel: jede Aufgabe in 120 Woerter kapseln. Keine Ausreden, nur Handlung.",Draft,tweet
Tweet 148,"Nicht mehr brainstormen, sondern produzieren: Flow: Orchestrator -> Ideation -> Writer -> Refiner. Output: 30 getestete Hooks pro Woche mit 20 Agenten. Stelle Fragen statt zu predigen. Ein Batch pro Woche reicht fuer 7 Tage Output.",Draft,tweet
Tweet 149,Ohne System bleibt es Zufall. Planbar wird es durch kleine Modelle fuer Masse und Mid-Modelle fuer Schliff: 30 getestete Hooks pro Woche. Rhythmus: 1 Batch pro Woche. Beharrlichkeit schlaegt Talent. Ohne Struktur bleibt Output Zufall.,Draft,tweet
Tweet 150,"12 Agenten parallel liefern 400 Premium-Prompts. Der Hebel: kleine Modelle fuer Masse und Mid-Modelle fuer Schliff. Batching: 30 Hooks, dann 30 Drafts. Ergebnis: schnelleres Testing von Hooks. Klare Haltung, klare Richtung.",Draft,tweet
Tweet 151,Die Formel: harte Wortlimits + Flow: Orchestrator -> Ideation -> Writer -> Refiner = eine Content-Bibliothek fuer 90 Tage. Ergebnis: wiederholbare Ergebnisse statt Zufall. Mastermind-Denken multipliziert Ergebnisse. Kopiere den Flow und teste eine Woche.,Draft,tweet
Tweet 152,"20 Agenten parallel liefern eine Content-Bibliothek fuer 90 Tage. Der Hebel: Parallelisierung. Flow: Orchestrator -> Ideation -> Writer -> Refiner. Ergebnis: messbar bessere Conversion. Keine Ausreden, nur Handlung. Fang mit 10 Agenten an und skaliere dann.",Draft,tweet
Tweet 153,"Parallelisierung ist der Cheatcode: 25 Agenten, 300 Tweets pro Woche, mehr Output bei weniger Kopfschmerz. Weg: Flow: Orchestrator -> Ideation -> Writer -> Refiner. Der Wunsch nach Erfolg braucht ein definites Ziel. Fang mit 10 Agenten an und skaliere dann.",Draft,tweet
Tweet 154,"Wenn du 30 getestete Hooks pro Woche willst, brauchst du Output-Funnels statt Einmal-Posts. Setup: Batching: 30 Hooks, dann 30 Drafts. Das liefert saubere Struktur ohne Ueberforderung. Funnel: Lead Magnet -> Tripwire -> Core Offer -> High Ticket -> Retainer.",Draft,tweet
Tweet 155,"Du brauchst keine 10x Kreativitaet, sondern Parallelisierung. Damit lieferst du 30 getestete Hooks pro Woche. Beharrlichkeit schlaegt Talent. Willst du den Workflow? Schreib AGENTS. Fang mit 10 Agenten an und skaliere dann.",Draft,tweet
Tweet 156,16 Agenten parallel liefern 30 getestete Hooks pro Woche. Der Hebel: Proof-Checks nach jedem Schritt. Flow: Hook -> Draft -> Refine -> Publish. Ergebnis: wiederholbare Ergebnisse statt Zufall. Hoere aufrichtig zu. Kopiere den Flow und teste eine Woche.,Draft,tweet
Tweet 157,"Ohne System bleibt es Zufall. Planbar wird es durch klare Rollen statt All-in-One: 30 getestete Hooks pro Woche. Flow: Thema -> Hook -> Draft -> CTA. Verlange fuer Ergebnis, nicht fuer Zeit. Qualitaet kommt vom Review, nicht vom Zufall.",Draft,tweet
Tweet 158,"Content skaliert nicht mit mehr Zeit, sondern durch kleine Modelle fuer Masse und Mid-Modelle fuer Schliff. Mit 16 Agenten baust du eine Content-Bibliothek fuer 90 Tage. Regel: jede Aufgabe in 120 Woerter kapseln. Handlung vor Ausrede.",Draft,tweet
Tweet 159,"Content skaliert nicht mit mehr Zeit, sondern durch eine Ideenmaschine vor der Schreibmaschine. Mit 12 Agenten baust du eine Content-Bibliothek fuer 90 Tage. Batching: 30 Hooks, dann 30 Drafts. Sprich ueber die Interessen deines Gegenuebers.",Draft,tweet
Tweet 160,"Content skaliert nicht mit mehr Zeit, sondern durch Proof-Checks nach jedem Schritt. Mit 20 Agenten baust du 30 getestete Hooks pro Woche. Flow: Orchestrator -> Ideation -> Writer -> Refiner. Stelle Fragen statt zu predigen.",Draft,tweet
Tweet 161,"Parallelisierung ist der Cheatcode: 25 Agenten, 400 Premium-Prompts, messbar bessere Conversion. Weg: Flow: Hook -> Draft -> Refine -> Publish. Verlange fuer Ergebnis, nicht fuer Zeit. Qualitaet kommt vom Review, nicht vom Zufall.",Draft,tweet
Tweet 162,"Wenn du eine klare Content-Routine willst, brauchst du Batching mit festen Slots. Setup: Flow: Orchestrator -> Ideation -> Writer -> Refiner. Das liefert saubere Struktur ohne Ueberforderung. Zeige ehrliche Wertschaetzung.",Draft,tweet
Tweet 163,"Wenn du skalierbare Content-Produktion willst, brauchst du Systemdesign statt Talent. Setup: Flow: Hook -> Draft -> Refine -> Publish. Das liefert stabile Reichweite durch Konstanz. Stelle Fragen statt zu predigen. Ein System macht Content planbar.",Draft,tweet
Tweet 164,"Die Formel: Output-Funnels statt Einmal-Posts + Regel: jede Aufgabe in 120 Woerter kapseln = eine Content-Bibliothek fuer 90 Tage. Ergebnis: mehr Output bei weniger Kopfschmerz. Hoere aufrichtig zu. Qualitaet kommt vom Review, nicht vom Zufall.",Draft,tweet
Tweet 165,Ohne System bleibt es Zufall. Planbar wird es durch Quality Gates nach jedem Schritt: eine konstante Pipeline ohne Burnout. Regel: jede Aufgabe in 120 Woerter kapseln. Beharrlichkeit schlaegt Talent. Ein System macht Content planbar.,Draft,tweet
Tweet 166,"Kosten runter, Output hoch: Systemdesign statt Talent. Ergebnis: eine klare Content-Routine. Messbar bessere Conversion. Du bist verantwortlich. Ein Batch pro Woche reicht fuer 7 Tage Output. Ohne Struktur bleibt Output Zufall.",Draft,tweet
Tweet 167,"Du brauchst keine 10x Kreativitaet, sondern Quality Gates nach jedem Schritt. Damit lieferst du 30 getestete Hooks pro Woche. Ein klares Ziel vor Augen schafft Zugkraft. Wenn du 10 Hooks testest, findest du 2 Gewinner. Fang mit 10 Agenten an und skaliere dann.",Draft,tweet
Tweet 168,"Content skaliert nicht mit mehr Zeit, sondern durch Batching mit festen Slots. Mit 20 Agenten baust du 300 Tweets pro Woche. Rhythmus: 1 Batch pro Woche. Klare Haltung, klare Richtung. Qualitaet kommt vom Review, nicht vom Zufall.",Draft,tweet
Tweet 169,"Ohne System bleibt es Zufall. Planbar wird es durch eine Task-Matrix mit festen Slots: 300 Tweets pro Woche. Batching: 30 Hooks, dann 30 Drafts. Keine Ausreden, nur Handlung. 30 Hooks in 60 Minuten sind realistisch. Du brauchst Klarheit, nicht mehr Disziplin.",Draft,tweet
Tweet 170,Der groesste Fehler: nur auf Kreativitaet statt System zu setzen. Fix: Hooks zuerst sammeln. So entstehen eine klare Content-Routine mit 12 Agenten. Zeige ehrliche Wertschaetzung. Ohne Struktur bleibt Output Zufall. Fang mit 10 Agenten an und skaliere dann.,Draft,tweet
Tweet 171,"Content skaliert nicht mit mehr Zeit, sondern durch Hook-First statt Content-First. Mit 20 Agenten baust du 400 Premium-Prompts. Flow: Thema -> Hook -> Draft -> CTA. Verlange fuer Ergebnis, nicht fuer Zeit. Kopiere den Flow und teste eine Woche.",Draft,tweet
Tweet 172,"Ohne System bleibt es Zufall. Planbar wird es durch eine Ideenmaschine vor der Schreibmaschine: 50 Threads pro Monat. Regel: jede Aufgabe in 120 Woerter kapseln. Du entscheidest. Einmal gebaut, laeuft der Prozess jeden Monat.",Draft,tweet
Tweet 173,"Content skaliert nicht mit mehr Zeit, sondern durch Systemdesign statt Talent. Mit 12 Agenten baust du eine klare Content-Routine. Rhythmus: 1 Batch pro Woche. Mastermind-Denken multipliziert Ergebnisse. Ein Batch pro Woche reicht fuer 7 Tage Output.",Draft,tweet
Tweet 174,Ohne System bleibt es Zufall. Planbar wird es durch eine Ideenmaschine vor der Schreibmaschine: 30 getestete Hooks pro Woche. Flow: Orchestrator -> Ideation -> Writer -> Refiner. Ein klares Ziel vor Augen schafft Zugkraft.,Draft,tweet
Tweet 175,"Der groesste Fehler: die Hook-Phase zu ueberspringen. Fix: Stichproben-Review einbauen. So entstehen 50 Threads pro Monat mit 16 Agenten. Mastermind-Denken multipliziert Ergebnisse. Der Unterschied ist Prozess, nicht Talent.",Draft,tweet
Tweet 176,"Content skaliert nicht mit mehr Zeit, sondern durch Hook-First statt Content-First. Mit 16 Agenten baust du 30 getestete Hooks pro Woche. Flow: Orchestrator -> Ideation -> Writer -> Refiner. Handlung vor Ausrede. Ohne Struktur bleibt Output Zufall.",Draft,tweet
Tweet 177,"Wenn du skalierbare Content-Produktion willst, brauchst du kleine Modelle fuer Masse und Mid-Modelle fuer Schliff. Setup: Flow: Orchestrator -> Ideation -> Writer -> Refiner. Das liefert messbar bessere Conversion. Stelle Fragen statt zu predigen.",Draft,tweet
Tweet 178,"Ohne System bleibt es Zufall. Planbar wird es durch Systemdesign statt Talent: eine klare Content-Routine. Rhythmus: 1 Batch pro Woche. Monetarisierung heisst: klares Offer, klares Versprechen. Qualitaet kommt vom Review, nicht vom Zufall.",Draft,tweet
Tweet 179,"Kosten runter, Output hoch: Proof-Checks nach jedem Schritt. Ergebnis: 300 Tweets pro Woche. Wiederholbare Ergebnisse statt Zufall. Du bist verantwortlich. Qualitaet kommt vom Review, nicht vom Zufall. Ein System macht Content planbar.",Draft,tweet
Tweet 180,"Nicht mehr brainstormen, sondern produzieren: Rhythmus: 1 Batch pro Woche. Output: 30 getestete Hooks pro Woche mit 12 Agenten. Monetarisierung heisst: klares Offer, klares Versprechen. Ohne Struktur bleibt Output Zufall.",Draft,tweet
Tweet 181,"Content skaliert nicht mit mehr Zeit, sondern durch Systemdesign statt Talent. Mit 20 Agenten baust du eine klare Content-Routine. Regel: jede Aufgabe in 120 Woerter kapseln. Hoere aufrichtig zu. Wenn du 10 Hooks testest, findest du 2 Gewinner.",Draft,tweet
Tweet 182,"Kosten runter, Output hoch: Hook-First statt Content-First. Ergebnis: 300 Tweets pro Woche. Stabile Reichweite durch Konstanz. Beharrlichkeit schlaegt Talent. Ein Batch pro Woche reicht fuer 7 Tage Output. Kopiere den Flow und teste eine Woche.",Draft,tweet
Tweet 183,"Parallelisierung ist der Cheatcode: 25 Agenten, 400 Premium-Prompts, mehr Output bei weniger Kopfschmerz. Weg: Regel: jede Aufgabe in 120 Woerter kapseln. Verlange fuer Ergebnis, nicht fuer Zeit. Ohne Struktur bleibt Output Zufall.",Draft,tweet
Tweet 184,25 Agenten parallel liefern eine klare Content-Routine. Der Hebel: harte Wortlimits. Rhythmus: 1 Batch pro Woche. Ergebnis: klare Prozesse statt Chaos. Beharrlichkeit schlaegt Talent. Kopiere den Flow und teste eine Woche.,Draft,tweet
Tweet 185,"Parallelisierung ist der Cheatcode: 12 Agenten, 50 Threads pro Monat, saubere Struktur ohne Ueberforderung. Weg: Batching: 30 Hooks, dann 30 Drafts. Monetarisierung heisst: klares Offer, klares Versprechen. Wenn du 10 Hooks testest, findest du 2 Gewinner.",Draft,tweet
Tweet 186,"Nicht mehr brainstormen, sondern produzieren: Batching: 30 Hooks, dann 30 Drafts. Output: eine klare Content-Routine mit 12 Agenten. Wecke den Wunsch im anderen. Wenn du 10 Hooks testest, findest du 2 Gewinner. Kopiere den Flow und teste eine Woche.",Draft,tweet
Tweet 187,"20 Agenten parallel liefern 50 Threads pro Monat. Der Hebel: Systemdesign statt Talent. Regel: jede Aufgabe in 120 Woerter kapseln. Ergebnis: wiederholbare Ergebnisse statt Zufall. Zeige ehrliche Wertschaetzung. Qualitaet kommt vom Review, nicht vom Zufall.",Draft,tweet
Tweet 188,"Der groesste Fehler: die Hook-Phase zu ueberspringen. Fix: eine Rolle pro Agent definieren. So entstehen 30 getestete Hooks pro Woche mit 12 Agenten. Wecke den Wunsch im anderen. Qualitaet kommt vom Review, nicht vom Zufall.",Draft,tweet
Tweet 189,"Die Formel: harte Wortlimits + Flow: Orchestrator -> Ideation -> Writer -> Refiner = 300 Tweets pro Woche. Ergebnis: saubere Struktur ohne Ueberforderung. Mastermind-Denken multipliziert Ergebnisse. Du brauchst Klarheit, nicht mehr Disziplin.",Draft,tweet
Tweet 190,"Parallelisierung ist der Cheatcode: 25 Agenten, 300 Tweets pro Woche, stabile Reichweite durch Konstanz. Weg: Regel: jede Aufgabe in 120 Woerter kapseln. Beharrlichkeit schlaegt Talent. Ein Batch pro Woche reicht fuer 7 Tage Output.",Draft,tweet
Tweet 191,Die Formel: harte Wortlimits + Flow: Thema -> Hook -> Draft -> CTA = eine klare Content-Routine. Ergebnis: saubere Struktur ohne Ueberforderung. Der Wunsch nach Erfolg braucht ein definites Ziel. 30 Hooks in 60 Minuten sind realistisch.,Draft,tweet
Tweet 192,"Du brauchst keine 10x Kreativitaet, sondern Quality Gates nach jedem Schritt. Damit lieferst du 50 Threads pro Monat. Ein klares Ziel vor Augen schafft Zugkraft. Ein Batch pro Woche reicht fuer 7 Tage Output. Ein System macht Content planbar.",Draft,tweet
Tweet 193,"Content skaliert nicht mit mehr Zeit, sondern durch Parallelisierung. Mit 20 Agenten baust du eine konstante Pipeline ohne Burnout. Flow: Thema -> Hook -> Draft -> CTA. Mastermind-Denken multipliziert Ergebnisse. Kopiere den Flow und teste eine Woche.",Draft,tweet
Tweet 194,"Parallelisierung ist der Cheatcode: 12 Agenten, 50 Threads pro Monat, schnelleres Testing von Hooks. Weg: Flow: Hook -> Draft -> Refine -> Publish. Preisleiter: Einstieg, Kernangebot, Premium-Upgrade. Fang mit 10 Agenten an und skaliere dann.",Draft,tweet
Tweet 195,"Wenn du eine konstante Pipeline ohne Burnout willst, brauchst du eine Task-Matrix mit festen Slots. Setup: Flow: Orchestrator -> Ideation -> Writer -> Refiner. Das liefert schnelleres Testing von Hooks. Klare Haltung, klare Richtung.",Draft,tweet
Tweet 196,"12 Agenten parallel liefern skalierbare Content-Produktion. Der Hebel: Parallelisierung. Regel: jede Aufgabe in 120 Woerter kapseln. Ergebnis: messbar bessere Conversion. Stelle Fragen statt zu predigen. Der Unterschied ist Prozess, nicht Talent.",Draft,tweet
Tweet 197,"Du brauchst keine 10x Kreativitaet, sondern Quality Gates nach jedem Schritt. Damit lieferst du 300 Tweets pro Woche. Verlange fuer Ergebnis, nicht fuer Zeit. Qualitaet kommt vom Review, nicht vom Zufall. Wenn du das System willst: antworte mit AGENTS.",Draft,tweet
Tweet 198,"Ohne System bleibt es Zufall. Planbar wird es durch Parallelisierung: eine klare Content-Routine. Batching: 30 Hooks, dann 30 Drafts. Preisleiter: Einstieg, Kernangebot, Premium-Upgrade. Einmal gebaut, laeuft der Prozess jeden Monat.",Draft,tweet
Tweet 199,"Content skaliert nicht mit mehr Zeit, sondern durch Output-Funnels statt Einmal-Posts. Mit 12 Agenten baust du skalierbare Content-Produktion. Batching: 30 Hooks, dann 30 Drafts. Ein klares Ziel vor Augen schafft Zugkraft.",Draft,tweet
Tweet 200,16 Agenten parallel liefern eine Content-Bibliothek fuer 90 Tage. Der Hebel: Parallelisierung. Flow: Hook -> Draft -> Refine -> Publish. Ergebnis: wiederholbare Ergebnisse statt Zufall. Ein klares Ziel vor Augen schafft Zugkraft.,Draft,tweet
Tweet 201,"Kosten runter, Output hoch: Proof-Checks nach jedem Schritt. Ergebnis: 30 getestete Hooks pro Woche. Schnelleres Testing von Hooks. Sprich ueber die Interessen deines Gegenuebers. Qualitaet kommt vom Review, nicht vom Zufall.",Draft,tweet
Tweet 202,"Nicht mehr brainstormen, sondern produzieren: Flow: Hook -> Draft -> Refine -> Publish. Output: eine klare Content-Routine mit 25 Agenten. Preisleiter: Einstieg, Kernangebot, Premium-Upgrade. Du brauchst Klarheit, nicht mehr Disziplin.",Draft,tweet
Tweet 203,"Wenn du skalierbare Content-Produktion willst, brauchst du Hook-First statt Content-First. Setup: Rhythmus: 1 Batch pro Woche. Das liefert saubere Struktur ohne Ueberforderung. Preisleiter: Einstieg, Kernangebot, Premium-Upgrade.",Draft,tweet
Tweet 204,"20 Agenten parallel liefern 300 Tweets pro Woche. Der Hebel: Batching mit festen Slots. Flow: Hook -> Draft -> Refine -> Publish. Ergebnis: schnelleres Testing von Hooks. Klare Haltung, klare Richtung. Einmal gebaut, laeuft der Prozess jeden Monat.",Draft,tweet
Tweet 205,25 Agenten parallel liefern skalierbare Content-Produktion. Der Hebel: kleine Modelle fuer Masse und Mid-Modelle fuer Schliff. Flow: Hook -> Draft -> Refine -> Publish. Ergebnis: klare Prozesse statt Chaos. Stelle Fragen statt zu predigen.,Draft,tweet
Tweet 206,Der groesste Fehler: die Hook-Phase zu ueberspringen. Fix: eine Rolle pro Agent definieren. So entstehen 400 Premium-Prompts mit 16 Agenten. Handlung vor Ausrede. Ohne Struktur bleibt Output Zufall. Fang mit 10 Agenten an und skaliere dann.,Draft,tweet
Tweet 207,25 Agenten parallel liefern 400 Premium-Prompts. Der Hebel: Output-Funnels statt Einmal-Posts. Flow: Hook -> Draft -> Refine -> Publish. Ergebnis: messbar bessere Conversion. Du entscheidest. Fang mit 10 Agenten an und skaliere dann.,Draft,tweet
Tweet 208,"20 Agenten parallel liefern 300 Tweets pro Woche. Der Hebel: Hook-First statt Content-First. Rhythmus: 1 Batch pro Woche. Ergebnis: wiederholbare Ergebnisse statt Zufall. Du entscheidest. Wenn du 10 Hooks testest, findest du 2 Gewinner.",Draft,tweet
Tweet 209,"Du brauchst keine 10x Kreativitaet, sondern Systemdesign statt Talent. Damit lieferst du 30 getestete Hooks pro Woche. Monetarisierung heisst: klares Offer, klares Versprechen. Einmal gebaut, laeuft der Prozess jeden Monat.",Draft,tweet
Tweet 210,Die Formel: eine Ideenmaschine vor der Schreibmaschine + Flow: Orchestrator -> Ideation -> Writer -> Refiner = eine klare Content-Routine. Ergebnis: saubere Struktur ohne Ueberforderung. Du entscheidest. Fang mit 10 Agenten an und skaliere dann.,Draft,tweet
Tweet 211,"Parallelisierung ist der Cheatcode: 16 Agenten, eine konstante Pipeline ohne Burnout, klare Prozesse statt Chaos. Weg: Flow: Thema -> Hook -> Draft -> CTA. Funnel: Lead Magnet -> Tripwire -> Core Offer -> High Ticket -> Retainer.",Draft,tweet
Tweet 212,"Content skaliert nicht mit mehr Zeit, sondern durch Hook-First statt Content-First. Mit 12 Agenten baust du 30 getestete Hooks pro Woche. Rhythmus: 1 Batch pro Woche. Ein klares Ziel vor Augen schafft Zugkraft. Der Unterschied ist Prozess, nicht Talent.",Draft,tweet
Tweet 213,25 Agenten parallel liefern skalierbare Content-Produktion. Der Hebel: kleine Modelle fuer Masse und Mid-Modelle fuer Schliff. Regel: jede Aufgabe in 120 Woerter kapseln. Ergebnis: klare Prozesse statt Chaos. Du bist verantwortlich.,Draft,tweet
Tweet 214,"Content skaliert nicht mit mehr Zeit, sondern durch Proof-Checks nach jedem Schritt. Mit 16 Agenten baust du 400 Premium-Prompts. Flow: Orchestrator -> Ideation -> Writer -> Refiner. Verlange fuer Ergebnis, nicht fuer Zeit.",Draft,tweet
Tweet 215,"Du brauchst keine 10x Kreativitaet, sondern eine Ideenmaschine vor der Schreibmaschine. Damit lieferst du skalierbare Content-Produktion. Du bist verantwortlich. 30 Hooks in 60 Minuten sind realistisch. Kopiere den Flow und teste eine Woche.",Draft,tweet
Tweet 216,20 Agenten parallel liefern 50 Threads pro Monat. Der Hebel: Systemdesign statt Talent. Flow: Hook -> Draft -> Refine -> Publish. Ergebnis: mehr Output bei weniger Kopfschmerz. Triff eine klare Entscheidung und bleib dran.,Draft,tweet
Tweet 217,"Wenn du 50 Threads pro Monat willst, brauchst du Proof-Checks nach jedem Schritt. Setup: Flow: Hook -> Draft -> Refine -> Publish. Das liefert messbar bessere Conversion. Du entscheidest. Einmal gebaut, laeuft der Prozess jeden Monat.",Draft,tweet
Tweet 218,"Du brauchst keine 10x Kreativitaet, sondern Quality Gates nach jedem Schritt. Damit lieferst du 300 Tweets pro Woche. Klare Haltung, klare Richtung. Wenn du das System willst: antworte mit AGENTS. Kopiere den Flow und teste eine Woche.",Draft,tweet
Tweet 219,"Kosten runter, Output hoch: klare Rollen statt All-in-One. Ergebnis: eine Content-Bibliothek fuer 90 Tage. Mehr Output bei weniger Kopfschmerz. Du bist verantwortlich. Ein System macht Content planbar. Fang mit 10 Agenten an und skaliere dann.",Draft,tweet
Tweet 220,Ohne System bleibt es Zufall. Planbar wird es durch kleine Modelle fuer Masse und Mid-Modelle fuer Schliff: 400 Premium-Prompts. Flow: Thema -> Hook -> Draft -> CTA. Du bist verantwortlich. Ohne Struktur bleibt Output Zufall.,Draft,tweet
Tweet 221,"Kosten runter, Output hoch: Quality Gates nach jedem Schritt. Ergebnis: 30 getestete Hooks pro Woche. Stabile Reichweite durch Konstanz. Monetarisierung heisst: klares Offer, klares Versprechen. Wenn du 10 Hooks testest, findest du 2 Gewinner.",Draft,tweet
Tweet 222,"Parallelisierung ist der Cheatcode: 12 Agenten, 30 getestete Hooks pro Woche, klare Prozesse statt Chaos. Weg: Rhythmus: 1 Batch pro Woche. Mastermind-Denken multipliziert Ergebnisse. Wenn du 10 Hooks testest, findest du 2 Gewinner.",Draft,tweet
Tweet 223,"Content skaliert nicht mit mehr Zeit, sondern durch klare Rollen statt All-in-One. Mit 25 Agenten baust du skalierbare Content-Produktion. Flow: Thema -> Hook -> Draft -> CTA. Klare Haltung, klare Richtung. Ein Batch pro Woche reicht fuer 7 Tage Output.",Draft,tweet
Tweet 224,"Parallelisierung ist der Cheatcode: 20 Agenten, 30 getestete Hooks pro Woche, stabile Reichweite durch Konstanz. Weg: Flow: Hook -> Draft -> Refine -> Publish. Sprich ueber die Interessen deines Gegenuebers. Ohne Struktur bleibt Output Zufall.",Draft,tweet
Tweet 225,"Content skaliert nicht mit mehr Zeit, sondern durch klare Rollen statt All-in-One. Mit 12 Agenten baust du 30 getestete Hooks pro Woche. Flow: Thema -> Hook -> Draft -> CTA. Du entscheidest. 30 Hooks in 60 Minuten sind realistisch.",Draft,tweet
Tweet 226,"Die Formel: Systemdesign statt Talent + Rhythmus: 1 Batch pro Woche = eine konstante Pipeline ohne Burnout. Ergebnis: messbar bessere Conversion. Preisleiter: Einstieg, Kernangebot, Premium-Upgrade. Fang mit 10 Agenten an und skaliere dann.",Draft,tweet
Tweet 227,Die Formel: Parallelisierung + Flow: Orchestrator -> Ideation -> Writer -> Refiner = 400 Premium-Prompts. Ergebnis: stabile Reichweite durch Konstanz. Der Wunsch nach Erfolg braucht ein definites Ziel. Fang mit 10 Agenten an und skaliere dann.,Draft,tweet
Tweet 228,"Nicht mehr brainstormen, sondern produzieren: Flow: Orchestrator -> Ideation -> Writer -> Refiner. Output: 400 Premium-Prompts mit 20 Agenten. Der Wunsch nach Erfolg braucht ein definites Ziel. Wenn du 10 Hooks testest, findest du 2 Gewinner.",Draft,tweet
Tweet 229,"Content skaliert nicht mit mehr Zeit, sondern durch Quality Gates nach jedem Schritt. Mit 25 Agenten baust du 30 getestete Hooks pro Woche. Flow: Thema -> Hook -> Draft -> CTA. Wecke den Wunsch im anderen. Ohne Struktur bleibt Output Zufall.",Draft,tweet
Tweet 230,"Parallelisierung ist der Cheatcode: 20 Agenten, eine konstante Pipeline ohne Burnout, saubere Struktur ohne Ueberforderung. Weg: Flow: Hook -> Draft -> Refine -> Publish. Preisleiter: Einstieg, Kernangebot, Premium-Upgrade.",Draft,tweet
Tweet 231,"Ohne System bleibt es Zufall. Planbar wird es durch Proof-Checks nach jedem Schritt: 30 getestete Hooks pro Woche. Regel: jede Aufgabe in 120 Woerter kapseln. Klare Haltung, klare Richtung. Ein Batch pro Woche reicht fuer 7 Tage Output.",Draft,tweet
Tweet 232,"Kosten runter, Output hoch: Output-Funnels statt Einmal-Posts. Ergebnis: eine konstante Pipeline ohne Burnout. Mehr Output bei weniger Kopfschmerz. Ein klares Ziel vor Augen schafft Zugkraft. Willst du den Workflow? Schreib AGENTS.",Draft,tweet
Tweet 233,"Nicht mehr brainstormen, sondern produzieren: Flow: Orchestrator -> Ideation -> Writer -> Refiner. Output: eine Content-Bibliothek fuer 90 Tage mit 25 Agenten. Der Wunsch nach Erfolg braucht ein definites Ziel. Ohne Struktur bleibt Output Zufall.",Draft,tweet
Tweet 234,"Parallelisierung ist der Cheatcode: 20 Agenten, 50 Threads pro Monat, schnelleres Testing von Hooks. Weg: Flow: Orchestrator -> Ideation -> Writer -> Refiner. Verlange fuer Ergebnis, nicht fuer Zeit. Der Unterschied ist Prozess, nicht Talent.",Draft,tweet
Tweet 235,"Die Formel: Hook-First statt Content-First + Flow: Orchestrator -> Ideation -> Writer -> Refiner = 400 Premium-Prompts. Ergebnis: saubere Struktur ohne Ueberforderung. Preisleiter: Einstieg, Kernangebot, Premium-Upgrade.",Draft,tweet
Tweet 236,"25 Agenten parallel liefern skalierbare Content-Produktion. Der Hebel: Output-Funnels statt Einmal-Posts. Rhythmus: 1 Batch pro Woche. Ergebnis: saubere Struktur ohne Ueberforderung. Keine Ausreden, nur Handlung. Einmal gebaut, laeuft der Prozess jeden Monat.",Draft,tweet
Tweet 237,"Der groesste Fehler: die Hook-Phase zu ueberspringen. Fix: Hooks zuerst sammeln. So entstehen 30 getestete Hooks pro Woche mit 16 Agenten. Sprich ueber die Interessen deines Gegenuebers. Qualitaet kommt vom Review, nicht vom Zufall.",Draft,tweet
Tweet 238,"Der groesste Fehler: einen Agenten alles machen zu lassen. Fix: Hooks zuerst sammeln. So entstehen 400 Premium-Prompts mit 16 Agenten. Verlange fuer Ergebnis, nicht fuer Zeit. Der Unterschied ist Prozess, nicht Talent. Kopiere den Flow und teste eine Woche.",Draft,tweet
Tweet 239,"Content skaliert nicht mit mehr Zeit, sondern durch kleine Modelle fuer Masse und Mid-Modelle fuer Schliff. Mit 25 Agenten baust du 300 Tweets pro Woche. Regel: jede Aufgabe in 120 Woerter kapseln. Handlung vor Ausrede. Fang mit 10 Agenten an und skaliere.",Draft,tweet
Tweet 240,16 Agenten parallel liefern eine konstante Pipeline ohne Burnout. Der Hebel: kleine Modelle fuer Masse und Mid-Modelle fuer Schliff. Regel: jede Aufgabe in 120 Woerter kapseln. Ergebnis: saubere Struktur ohne Ueberforderung. Du bist verantwortlich.,Draft,tweet
Tweet 241,"Content skaliert nicht mit mehr Zeit, sondern durch harte Wortlimits. Mit 20 Agenten baust du 50 Threads pro Monat. Batching: 30 Hooks, dann 30 Drafts. Handlung vor Ausrede. Wenn du 10 Hooks testest, findest du 2 Gewinner.",Draft,tweet
Tweet 242,"Kosten runter, Output hoch: Output-Funnels statt Einmal-Posts. Ergebnis: 30 getestete Hooks pro Woche. Wiederholbare Ergebnisse statt Zufall. Funnel: Lead Magnet -> Tripwire -> Core Offer -> High Ticket -> Retainer. 30 Hooks in 60 Minuten sind realistisch.",Draft,tweet
Tweet 243,"Kosten runter, Output hoch: kleine Modelle fuer Masse und Mid-Modelle fuer Schliff. Ergebnis: eine klare Content-Routine. Mehr Output bei weniger Kopfschmerz. Wecke den Wunsch im anderen. Ein Batch pro Woche reicht fuer 7 Tage Output.",Draft,tweet
Tweet 244,"Kosten runter, Output hoch: Batching mit festen Slots. Ergebnis: 30 getestete Hooks pro Woche. Klare Prozesse statt Chaos. Verlange fuer Ergebnis, nicht fuer Zeit. 30 Hooks in 60 Minuten sind realistisch. Kopiere den Flow und teste eine Woche.",Draft,tweet
Tweet 245,"Die Formel: Parallelisierung + Flow: Hook -> Draft -> Refine -> Publish = 50 Threads pro Monat. Ergebnis: stabile Reichweite durch Konstanz. Beharrlichkeit schlaegt Talent. Qualitaet kommt vom Review, nicht vom Zufall. Fang mit 10 Agenten an und skaliere dann.",Draft,tweet
Tweet 246,"Parallelisierung ist der Cheatcode: 20 Agenten, 300 Tweets pro Woche, mehr Output bei weniger Kopfschmerz. Weg: Rhythmus: 1 Batch pro Woche. Der Wunsch nach Erfolg braucht ein definites Ziel. Qualitaet kommt vom Review, nicht vom Zufall.",Draft,tweet
Tweet 247,"Du brauchst keine 10x Kreativitaet, sondern eine Ideenmaschine vor der Schreibmaschine. Damit lieferst du 400 Premium-Prompts. Monetarisierung heisst: klares Offer, klares Versprechen. Fang mit 10 Agenten an und skaliere dann.",Draft,tweet
Tweet 248,"Kosten runter, Output hoch: klare Rollen statt All-in-One. Ergebnis: 300 Tweets pro Woche. Mehr Output bei weniger Kopfschmerz. Stelle Fragen statt zu predigen. Einmal gebaut, laeuft der Prozess jeden Monat. Fang mit 10 Agenten an und skaliere dann.",Draft,tweet
Tweet 249,"Du brauchst keine 10x Kreativitaet, sondern Quality Gates nach jedem Schritt. Damit lieferst du eine Content-Bibliothek fuer 90 Tage. Klare Haltung, klare Richtung. Der Unterschied ist Prozess, nicht Talent. Fang mit 10 Agenten an und skaliere dann.",Draft,tweet
Tweet 250,"Wenn du eine Content-Bibliothek fuer 90 Tage willst, brauchst du Proof-Checks nach jedem Schritt. Setup: Batching: 30 Hooks, dann 30 Drafts. Das liefert klare Prozesse statt Chaos. Triff eine klare Entscheidung und bleib dran.",Draft,tweet
Tweet 251,"Kosten runter, Output hoch: harte Wortlimits. Ergebnis: 300 Tweets pro Woche. Stabile Reichweite durch Konstanz. Beharrlichkeit schlaegt Talent. Einmal gebaut, laeuft der Prozess jeden Monat. Kopiere den Flow und teste eine Woche.",Draft,tweet
Tweet 252,"Kosten runter, Output hoch: eine Task-Matrix mit festen Slots. Ergebnis: eine konstante Pipeline ohne Burnout. Wiederholbare Ergebnisse statt Zufall. Keine Ausreden, nur Handlung. Fang mit 10 Agenten an und skaliere dann.",Draft,tweet
Tweet 253,Der groesste Fehler: nur auf Kreativitaet statt System zu setzen. Fix: Stichproben-Review einbauen. So entstehen skalierbare Content-Produktion mit 12 Agenten. Beharrlichkeit schlaegt Talent. DM mit AGENTS und ich sende dir die Matrix.,Draft,tweet
Tweet 254,"Kosten runter, Output hoch: klare Rollen statt All-in-One. Ergebnis: eine Content-Bibliothek fuer 90 Tage. Schnelleres Testing von Hooks. Du entscheidest. Du brauchst Klarheit, nicht mehr Disziplin. Kopiere den Flow und teste eine Woche.",Draft,tweet
Tweet 255,Ohne System bleibt es Zufall. Planbar wird es durch Parallelisierung: 50 Threads pro Monat. Flow: Hook -> Draft -> Refine -> Publish. Sprich ueber die Interessen deines Gegenuebers. Kopiere den Flow und teste eine Woche.,Draft,tweet
Tweet 256,"Die Formel: Systemdesign statt Talent + Flow: Hook -> Draft -> Refine -> Publish = 30 getestete Hooks pro Woche. Ergebnis: wiederholbare Ergebnisse statt Zufall. Monetarisierung heisst: klares Offer, klares Versprechen. Kopiere den Flow und teste eine Woche.",Draft,tweet
Tweet 257,"Parallelisierung ist der Cheatcode: 12 Agenten, 30 getestete Hooks pro Woche, stabile Reichweite durch Konstanz. Weg: Flow: Orchestrator -> Ideation -> Writer -> Refiner. Preisleiter: Einstieg, Kernangebot, Premium-Upgrade.",Draft,tweet
Tweet 258,Der groesste Fehler: nur auf Kreativitaet statt System zu setzen. Fix: Output-Formate fixieren. So entstehen 400 Premium-Prompts mit 25 Agenten. Sprich ueber die Interessen deines Gegenuebers. Ein Batch pro Woche reicht fuer 7 Tage Output.,Draft,tweet
Tweet 259,"Die Formel: Hook-First statt Content-First + Flow: Thema -> Hook -> Draft -> CTA = skalierbare Content-Produktion. Ergebnis: mehr Output bei weniger Kopfschmerz. Mastermind-Denken multipliziert Ergebnisse. Wenn du 10 Hooks testest, findest du 2 Gewinner.",Draft,tweet
Tweet 260,"Ohne System bleibt es Zufall. Planbar wird es durch Systemdesign statt Talent: 50 Threads pro Monat. Flow: Hook -> Draft -> Refine -> Publish. Du entscheidest. Der Unterschied ist Prozess, nicht Talent. Wenn du das System willst: antworte mit AGENTS.",Draft,tweet
Tweet 261,"Parallelisierung ist der Cheatcode: 25 Agenten, skalierbare Content-Produktion, mehr Output bei weniger Kopfschmerz. Weg: Batching: 30 Hooks, dann 30 Drafts. Du entscheidest. Qualitaet kommt vom Review, nicht vom Zufall.",Draft,tweet
Tweet 262,"Du brauchst keine 10x Kreativitaet, sondern harte Wortlimits. Damit lieferst du eine Content-Bibliothek fuer 90 Tage. Der Wunsch nach Erfolg braucht ein definites Ziel. 30 Hooks in 60 Minuten sind realistisch. Du brauchst Klarheit, nicht mehr Disziplin.",Draft,tweet
Tweet 263,25 Agenten parallel liefern eine klare Content-Routine. Der Hebel: klare Rollen statt All-in-One. Rhythmus: 1 Batch pro Woche. Ergebnis: mehr Output bei weniger Kopfschmerz. Sprich ueber die Interessen deines Gegenuebers.,Draft,tweet
Tweet 264,"16 Agenten parallel liefern 400 Premium-Prompts. Der Hebel: Batching mit festen Slots. Batching: 30 Hooks, dann 30 Drafts. Ergebnis: stabile Reichweite durch Konstanz. Sprich ueber die Interessen deines Gegenuebers. 30 Hooks in 60 Minuten sind realistisch.",Draft,tweet
Tweet 265,"Wenn du 400 Premium-Prompts willst, brauchst du Batching mit festen Slots. Setup: Flow: Hook -> Draft -> Refine -> Publish. Das liefert messbar bessere Conversion. Sprich ueber die Interessen deines Gegenuebers. Wenn du 10 Hooks testest, findest du 2 Gewinner.",Draft,tweet
Tweet 266,"Die Formel: kleine Modelle fuer Masse und Mid-Modelle fuer Schliff + Batching: 30 Hooks, dann 30 Drafts = skalierbare Content-Produktion. Ergebnis: schnelleres Testing von Hooks. Triff eine klare Entscheidung und bleib dran.",Draft,tweet
Tweet 267,Der groesste Fehler: keine QA-Stufe einzuplanen. Fix: Output-Formate fixieren. So entstehen skalierbare Content-Produktion mit 25 Agenten. Du bist verantwortlich. Wenn du das System willst: antworte mit AGENTS. Fang mit 10 Agenten an und skaliere dann.,Draft,tweet
Tweet 268,"Content skaliert nicht mit mehr Zeit, sondern durch Batching mit festen Slots. Mit 12 Agenten baust du 300 Tweets pro Woche. Flow: Orchestrator -> Ideation -> Writer -> Refiner. Mastermind-Denken multipliziert Ergebnisse.",Draft,tweet
Tweet 269,"Content skaliert nicht mit mehr Zeit, sondern durch eine Ideenmaschine vor der Schreibmaschine. Mit 16 Agenten baust du skalierbare Content-Produktion. Regel: jede Aufgabe in 120 Woerter kapseln. Ein klares Ziel vor Augen schafft Zugkraft.",Draft,tweet
Tweet 270,"Parallelisierung ist der Cheatcode: 25 Agenten, eine Content-Bibliothek fuer 90 Tage, mehr Output bei weniger Kopfschmerz. Weg: Flow: Hook -> Draft -> Refine -> Publish. Wecke den Wunsch im anderen. Einmal gebaut, laeuft der Prozess jeden Monat.",Draft,tweet
Tweet 271,"16 Agenten parallel liefern skalierbare Content-Produktion. Der Hebel: Hook-First statt Content-First. Batching: 30 Hooks, dann 30 Drafts. Ergebnis: stabile Reichweite durch Konstanz. Wecke den Wunsch im anderen. Kopiere den Flow und teste eine Woche.",Draft,tweet
Tweet 272,"Du brauchst keine 10x Kreativitaet, sondern kleine Modelle fuer Masse und Mid-Modelle fuer Schliff. Damit lieferst du 400 Premium-Prompts. Hoere aufrichtig zu. Ohne Struktur bleibt Output Zufall. Kopiere den Flow und teste eine Woche.",Draft,tweet
Tweet 273,"Nicht mehr brainstormen, sondern produzieren: Flow: Hook -> Draft -> Refine -> Publish. Output: 50 Threads pro Monat mit 20 Agenten. Triff eine klare Entscheidung und bleib dran. Ohne Struktur bleibt Output Zufall. Kopiere den Flow und teste eine Woche.",Draft,tweet
Tweet 274,"Du brauchst keine 10x Kreativitaet, sondern Systemdesign statt Talent. Damit lieferst du eine klare Content-Routine. Sprich ueber die Interessen deines Gegenuebers. 30 Hooks in 60 Minuten sind realistisch. Ein System macht Content planbar.",Draft,tweet
Tweet 275,20 Agenten parallel liefern eine konstante Pipeline ohne Burnout. Der Hebel: Systemdesign statt Talent. Rhythmus: 1 Batch pro Woche. Ergebnis: stabile Reichweite durch Konstanz. Zeige ehrliche Wertschaetzung. Kopiere den Flow und teste eine Woche.,Draft,tweet
Tweet 276,"Wenn du 50 Threads pro Monat willst, brauchst du Hook-First statt Content-First. Setup: Flow: Thema -> Hook -> Draft -> CTA. Das liefert schnelleres Testing von Hooks. Du entscheidest. 30 Hooks in 60 Minuten sind realistisch.",Draft,tweet
Tweet 277,"Kosten runter, Output hoch: Quality Gates nach jedem Schritt. Ergebnis: eine klare Content-Routine. Mehr Output bei weniger Kopfschmerz. Sprich ueber die Interessen deines Gegenuebers. Wenn du 10 Hooks testest, findest du 2 Gewinner.",Draft,tweet
Tweet 278,"12 Agenten parallel liefern 30 getestete Hooks pro Woche. Der Hebel: eine Task-Matrix mit festen Slots. Batching: 30 Hooks, dann 30 Drafts. Ergebnis: schnelleres Testing von Hooks. Hoere aufrichtig zu. Einmal gebaut, laeuft der Prozess jeden Monat.",Draft,tweet
Tweet 279,"Du brauchst keine 10x Kreativitaet, sondern kleine Modelle fuer Masse und Mid-Modelle fuer Schliff. Damit lieferst du eine Content-Bibliothek fuer 90 Tage. Funnel: Lead Magnet -> Tripwire -> Core Offer -> High Ticket -> Retainer.",Draft,tweet
Tweet 280,"Der groesste Fehler: einen Agenten alles machen zu lassen. Fix: eine Rolle pro Agent definieren. So entstehen 50 Threads pro Monat mit 12 Agenten. Verlange fuer Ergebnis, nicht fuer Zeit. Fang mit 10 Agenten an und skaliere dann.",Draft,tweet
Tweet 281,"Parallelisierung ist der Cheatcode: 12 Agenten, 400 Premium-Prompts, stabile Reichweite durch Konstanz. Weg: Regel: jede Aufgabe in 120 Woerter kapseln. Beharrlichkeit schlaegt Talent. Ohne Struktur bleibt Output Zufall.",Draft,tweet
Tweet 282,"Wenn du 400 Premium-Prompts willst, brauchst du kleine Modelle fuer Masse und Mid-Modelle fuer Schliff. Setup: Flow: Hook -> Draft -> Refine -> Publish. Das liefert schnelleres Testing von Hooks. Triff eine klare Entscheidung und bleib dran.",Draft,tweet
Tweet 283,"Der groesste Fehler: die Hook-Phase zu ueberspringen. Fix: Wortlimits hart setzen. So entstehen 300 Tweets pro Woche mit 12 Agenten. Sprich ueber die Interessen deines Gegenuebers. Qualitaet kommt vom Review, nicht vom Zufall.",Draft,tweet
Tweet 284,"Parallelisierung ist der Cheatcode: 25 Agenten, 30 getestete Hooks pro Woche, schnelleres Testing von Hooks. Weg: Flow: Hook -> Draft -> Refine -> Publish. Hoere aufrichtig zu. Einmal gebaut, laeuft der Prozess jeden Monat.",Draft,tweet
Tweet 285,"Parallelisierung ist der Cheatcode: 20 Agenten, 400 Premium-Prompts, saubere Struktur ohne Ueberforderung. Weg: Regel: jede Aufgabe in 120 Woerter kapseln. Du bist verantwortlich. Qualitaet kommt vom Review, nicht vom Zufall.",Draft,tweet
Tweet 286,"Content skaliert nicht mit mehr Zeit, sondern durch harte Wortlimits. Mit 12 Agenten baust du 300 Tweets pro Woche. Flow: Orchestrator -> Ideation -> Writer -> Refiner. Zeige ehrliche Wertschaetzung. Kopiere den Flow und teste eine Woche.",Draft,tweet
Tweet 287,"Kosten runter, Output hoch: Hook-First statt Content-First. Ergebnis: 400 Premium-Prompts. Stabile Reichweite durch Konstanz. Klare Haltung, klare Richtung. Der Unterschied ist Prozess, nicht Talent. Fang mit 10 Agenten an und skaliere dann.",Draft,tweet
Tweet 288,"Du brauchst keine 10x Kreativitaet, sondern eine Task-Matrix mit festen Slots. Damit lieferst du 50 Threads pro Monat. Wecke den Wunsch im anderen. Einmal gebaut, laeuft der Prozess jeden Monat. Kommentiere AGENTS fuer die Struktur.",Draft,tweet
Tweet 289,"Die Formel: Systemdesign statt Talent + Flow: Thema -> Hook -> Draft -> CTA = eine konstante Pipeline ohne Burnout. Ergebnis: saubere Struktur ohne Ueberforderung. Sprich ueber die Interessen deines Gegenuebers. Der Unterschied ist Prozess, nicht Talent.",Draft,tweet
Tweet 290,"Parallelisierung ist der Cheatcode: 12 Agenten, eine konstante Pipeline ohne Burnout, klare Prozesse statt Chaos. Weg: Rhythmus: 1 Batch pro Woche. Handlung vor Ausrede. 30 Hooks in 60 Minuten sind realistisch. Kopiere den Flow und teste eine Woche.",Draft,tweet
Tweet 291,"Parallelisierung ist der Cheatcode: 12 Agenten, 400 Premium-Prompts, klare Prozesse statt Chaos. Weg: Rhythmus: 1 Batch pro Woche. Ein klares Ziel vor Augen schafft Zugkraft. Du brauchst Klarheit, nicht mehr Disziplin. Fang mit 10 Agenten an und skaliere dann.",Draft,tweet
Tweet 292,Die Formel: eine Ideenmaschine vor der Schreibmaschine + Flow: Hook -> Draft -> Refine -> Publish = 300 Tweets pro Woche. Ergebnis: wiederholbare Ergebnisse statt Zufall. Du bist verantwortlich. Kopiere den Flow und teste eine Woche.,Draft,tweet
Tweet 293,"Wenn du eine klare Content-Routine willst, brauchst du Output-Funnels statt Einmal-Posts. Setup: Flow: Thema -> Hook -> Draft -> CTA. Das liefert mehr Output bei weniger Kopfschmerz. Triff eine klare Entscheidung und bleib dran.",Draft,tweet
Tweet 294,"Du brauchst keine 10x Kreativitaet, sondern kleine Modelle fuer Masse und Mid-Modelle fuer Schliff. Damit lieferst du eine konstante Pipeline ohne Burnout. Klare Haltung, klare Richtung. Qualitaet kommt vom Review, nicht vom Zufall.",Draft,tweet
Tweet 295,20 Agenten parallel liefern 300 Tweets pro Woche. Der Hebel: harte Wortlimits. Flow: Hook -> Draft -> Refine -> Publish. Ergebnis: saubere Struktur ohne Ueberforderung. Sprich ueber die Interessen deines Gegenuebers. 30 Hooks in 60 Minuten sind realistisch.,Draft,tweet
Tweet 296,"Nicht mehr brainstormen, sondern produzieren: Flow: Hook -> Draft -> Refine -> Publish. Output: eine klare Content-Routine mit 12 Agenten. Du entscheidest. Ohne Struktur bleibt Output Zufall. Kopiere den Flow und teste eine Woche.",Draft,tweet
Tweet 297,"Parallelisierung ist der Cheatcode: 20 Agenten, skalierbare Content-Produktion, klare Prozesse statt Chaos. Weg: Flow: Orchestrator -> Ideation -> Writer -> Refiner. Zeige ehrliche Wertschaetzung. Der Unterschied ist Prozess, nicht Talent.",Draft,tweet
Tweet 298,"Du brauchst keine 10x Kreativitaet, sondern eine Task-Matrix mit festen Slots. Damit lieferst du 50 Threads pro Monat. Klare Haltung, klare Richtung. Ein System macht Content planbar. Kopiere den Flow und teste eine Woche.",Draft,tweet
Tweet 299,"Nicht mehr brainstormen, sondern produzieren: Rhythmus: 1 Batch pro Woche. Output: 300 Tweets pro Woche mit 12 Agenten. Beharrlichkeit schlaegt Talent. Einmal gebaut, laeuft der Prozess jeden Monat. Ein System macht Content planbar.",Draft,tweet
Tweet 300,"Der groesste Fehler: einen Agenten alles machen zu lassen. Fix: Stichproben-Review einbauen. So entstehen 400 Premium-Prompts mit 20 Agenten. Beharrlichkeit schlaegt Talent. Wenn du 10 Hooks testest, findest du 2 Gewinner.",Draft,tweet
